{"branches": 91.72932330827066, "coverage": 98.75227449961008}