{"branches": 88.24221046443269, "coverage": 97.2699307869777}