{"branches": 88.47858197932054, "coverage": 97.81959048146098}