{"branches": 89.35185185185185, "coverage": 98.14520402755697}