{"branches": 88.04418453541261, "coverage": 97.80592306605772}