{"branches": 89.52599388379205, "coverage": 98.05134189031506}