{"branches": 87.88242351529694, "coverage": 97.21931203073161}