{"branches": 89.29532006455084, "coverage": 97.26066197297078}