{"branches": 88.49557522123894, "coverage": 97.82560706401766}