{"branches": 87.87878787878788, "coverage": 97.32262382864792}