{"branches": 88.40070298769771, "coverage": 97.3356033198553}