{"branches": 89.43217665615141, "coverage": 98.09938865686097}