{"branches": 89.42457231726283, "coverage": 98.13771425182374}