{"branches": 89.88212180746562, "coverage": 97.32486075154938}