{"branches": 87.88449466415568, "coverage": 97.6694627068692}