{"branches": 89.22942206654992, "coverage": 97.91595722944902}