{"branches": 89.21417565485362, "coverage": 97.82304190498424}