{"branches": 88.64553314121038, "coverage": 97.19700456009706}