{"branches": 88.64553314121038, "coverage": 97.18463278729733}