{"branches": 89.3491124260355, "coverage": 97.26066197297078}