{"branches": 88.41427735517847, "coverage": 97.34295415959254}