{"branches": 89.2639734366353, "coverage": 97.22049625119092}