{"branches": 89.22018348623854, "coverage": 97.4370841770321}