{"branches": 92.21556886227546, "coverage": 99.04916042888934}