{"branches": 88.21603927986907, "coverage": 97.32142857142857}