{"branches": 89.6604938271605, "coverage": 98.47494553376906}