{"branches": 87.82011242973142, "coverage": 97.55243164551203}