{"branches": 89.62264150943396, "coverage": 97.41483268013265}