{"branches": 89.5793499043977, "coverage": 97.41950216944508}