{"branches": 87.08333333333333, "coverage": 97.01889020070838}