{"branches": 92.51497005988024, "coverage": 99.04742602351033}