{"branches": 89.17293233082707, "coverage": 97.95567771860505}