{"branches": 91.66666666666666, "coverage": 98.34766862833861}