{"branches": 89.35185185185185, "coverage": 97.13485177151121}