{"branches": 89.20863309352518, "coverage": 97.22049625119092}