{"branches": 89.25708177445216, "coverage": 97.26403292845325}