{"branches": 88.07142857142857, "coverage": 97.83562887846223}