{"branches": 88.31858407079646, "coverage": 97.31018777123705}