{"branches": 87.80795957043588, "coverage": 97.64403905211533}