{"branches": 89.90196078431373, "coverage": 97.32779562730194}