{"branches": 89.25207756232687, "coverage": 97.21853755596086}