{"branches": 88.41498559077809, "coverage": 97.17206418366919}