{"branches": 92.6829268292683, "coverage": 99.03112760255618}