{"branches": 89.29909042268592, "coverage": 97.26337033299697}