{"branches": 87.08333333333333, "coverage": 97.01271813073056}