{"branches": 88.87973640856673, "coverage": 97.97903246179108}