{"branches": 89.23076923076924, "coverage": 97.8248192209004}