{"branches": 88.02862719583604, "coverage": 97.78060503251344}