{"branches": 89.90476190476191, "coverage": 97.40810913224706}