{"branches": 88.47858197932054, "coverage": 97.82356515494669}