{"branches": 92.55952380952381, "coverage": 99.05736060970717}