{"branches": 88.50148367952522, "coverage": 97.81802071218918}