{"branches": 88.96189224704337, "coverage": 97.1826749548827}