{"branches": 88.47858197932054, "coverage": 97.81922842751979}