{"branches": 89.42901234567901, "coverage": 98.14520402755697}