{"branches": 91.4179104477612, "coverage": 99.05536604565731}