{"branches": 88.77400295420975, "coverage": 98.12375470444987}