{"branches": 87.49233599019006, "coverage": 97.130546795185}