{"branches": 92.40506329113924, "coverage": 98.93665158371041}