{"branches": 89.29561841375485, "coverage": 97.2177302317867}