{"branches": 89.25619834710744, "coverage": 97.22669973134946}