{"branches": 92.40506329113924, "coverage": 98.93496487650124}