{"branches": 89.02439024390245, "coverage": 97.9342956694873}