{"branches": 89.31129476584022, "coverage": 97.22669973134946}