{"branches": 89.3581081081081, "coverage": 97.96827893564031}