{"branches": 89.18014500836587, "coverage": 97.20535640023289}