{"branches": 88.19742489270385, "coverage": 97.91065917944049}