{"branches": 89.27492447129909, "coverage": 98.02646853958672}