{"branches": 89.27613941018767, "coverage": 97.26149123515631}