{"branches": 89.62264150943396, "coverage": 97.45967134026834}