{"branches": 88.24221046443269, "coverage": 97.29983764846621}