{"branches": 87.7105427323768, "coverage": 97.53737107546912}