{"branches": 87.94835007173602, "coverage": 98.04746494066883}