{"branches": 88.83136094674556, "coverage": 98.1218836565097}