{"branches": 89.2530487804878, "coverage": 97.86652714800604}