{"branches": 89.60302457466919, "coverage": 97.45813848242571}