{"branches": 88.30645161290323, "coverage": 97.12879409351928}