{"branches": 87.88257339163023, "coverage": 97.6115736317729}