{"branches": 86.03603603603604, "coverage": 96.48999648999649}