{"branches": 87.70343580470163, "coverage": 97.18118451624215}