{"branches": 92.72727272727272, "coverage": 99.02912621359224}