{"branches": 89.02798232695139, "coverage": 97.51636180567209}