{"branches": 88.73483535528595, "coverage": 97.18416407497689}