{"branches": 89.31104356636271, "coverage": 97.18055235018078}