{"branches": 88.01677651288196, "coverage": 97.2328910614525}