{"branches": 87.91208791208791, "coverage": 97.33863198458575}