{"branches": 89.3019726858877, "coverage": 98.03179409538228}