{"branches": 92.40506329113924, "coverage": 98.9332728098048}