{"branches": 89.35331230283911, "coverage": 98.09938865686097}