{"branches": 89.30747922437673, "coverage": 97.21853755596086}