{"branches": 88.39137645107795, "coverage": 97.18859820382663}