{"branches": 92.51497005988024, "coverage": 99.04916042888934}