{"branches": 89.29121725731896, "coverage": 97.8239309258503}