{"branches": 89.24015529672768, "coverage": 97.2134682368552}