{"branches": 92.6829268292683, "coverage": 99.02792140641158}