{"branches": 87.68859384429692, "coverage": 97.17970086407298}