{"branches": 89.24677898909812, "coverage": 97.01397235576923}