{"branches": 90.53030303030303, "coverage": 97.39379723742508}