{"branches": 87.75510204081633, "coverage": 97.92504660060825}