{"branches": 89.22018348623854, "coverage": 97.57593288978883}