{"branches": 87.3320537428023, "coverage": 97.05968832696266}