{"branches": 87.88426763110307, "coverage": 97.2381745649029}