{"branches": 89.6810506566604, "coverage": 97.43108240066101}