{"branches": 89.58333333333334, "coverage": 97.4111253679523}