{"branches": 87.08333333333333, "coverage": 97.12469733656174}