{"branches": 87.19008264462809, "coverage": 97.00996677740864}