{"branches": 89.17589175891759, "coverage": 97.2037781726363}