{"branches": 92.51497005988024, "coverage": 99.05088852988692}