{"branches": 92.72727272727272, "coverage": 99.03092783505154}