{"branches": 91.3907284768212, "coverage": 98.31913423900531}