{"branches": 92.40506329113924, "coverage": 98.94167980184643}