{"branches": 88.92215568862275, "coverage": 98.03019981834696}