{"branches": 89.50338600451467, "coverage": 97.22491410448418}