{"branches": 88.5693215339233, "coverage": 97.82608695652173}