{"branches": 92.73743016759776, "coverage": 99.17196225688427}