{"branches": 88.96210873146623, "coverage": 97.97903246179108}