{"branches": 87.83570300157977, "coverage": 97.33510189316291}