{"branches": 88.23529411764706, "coverage": 97.29636347931243}