{"branches": 87.08333333333333, "coverage": 97.03592814371258}