{"branches": 88.91454965357968, "coverage": 97.04190632703369}