{"branches": 88.40161569532602, "coverage": 97.17606579389056}