{"branches": 92.08860759493672, "coverage": 98.93472348141432}