{"branches": 89.2282065519156, "coverage": 97.2116182572614}