{"branches": 88.8763410502541, "coverage": 97.18556873225322}