{"branches": 89.35185185185185, "coverage": 97.25730783110791}