{"branches": 87.96007485963818, "coverage": 97.5824775061347}