{"branches": 89.8989898989899, "coverage": 97.95105293113261}