{"branches": 88.05436337625179, "coverage": 97.90054130621743}