{"branches": 92.6829268292683, "coverage": 99.0297274979356}