{"branches": 89.32584269662921, "coverage": 97.17330045790771}