{"branches": 89.17293233082707, "coverage": 97.94921875}