{"branches": 89.47772657450076, "coverage": 98.02775317390021}