{"branches": 88.55869242199108, "coverage": 97.81535902411976}