{"branches": 87.92549775208734, "coverage": 97.66985757646509}