{"branches": 78.69565217391305, "coverage": 82.57025576255131}