{"branches": 87.88951841359773, "coverage": 97.77266129435908}