{"branches": 89.02798232695139, "coverage": 97.52218315754227}