{"branches": 88.50439882697947, "coverage": 97.3228413804901}