{"branches": 92.72727272727272, "coverage": 99.03232448013178}