{"branches": 87.77292576419214, "coverage": 97.54944305523982}