{"branches": 88.40070298769771, "coverage": 97.32709087039795}