{"branches": 88.51251840942562, "coverage": 97.82524700557488}