{"branches": 88.93280632411067, "coverage": 97.18126191192698}