{"branches": 89.27444794952682, "coverage": 98.10271903323263}