{"branches": 88.45928529584064, "coverage": 97.16020035656678}