{"branches": 88.4920634920635, "coverage": 97.14518760195759}