{"branches": 86.63793103448276, "coverage": 96.76270637746843}