{"branches": 89.24434638720354, "coverage": 97.22383119569714}