{"branches": 89.23664122137404, "coverage": 97.93879907621246}