{"branches": 87.92549775208734, "coverage": 97.67127123389957}