{"branches": 88.05970149253731, "coverage": 97.77358490566039}