{"branches": 89.29950358521788, "coverage": 97.22383119569714}