{"branches": 89.1955835962145, "coverage": 98.04682761130657}