{"branches": 88.35978835978835, "coverage": 97.3169272836025}