{"branches": 89.37875751503006, "coverage": 97.21504559270517}