{"branches": 88.2179675994109, "coverage": 97.26440375167485}