{"branches": 87.89769182782283, "coverage": 97.61309388497385}