{"branches": 92.51497005988024, "coverage": 99.05012126111559}