{"branches": 92.74809160305344, "coverage": 99.09188034188034}