{"branches": 87.99739073711676, "coverage": 97.80834914611005}