{"branches": 87.91666666666667, "coverage": 97.11459192085738}