{"branches": 89.60302457466919, "coverage": 97.42198100407056}