{"branches": 89.70873786407768, "coverage": 97.35535908174344}