{"branches": 88.86178861788619, "coverage": 98.04414816678197}