{"branches": 89.29633300297324, "coverage": 97.01419664989108}