{"branches": 89.3076923076923, "coverage": 97.82469236601155}