{"branches": 89.29909042268592, "coverage": 97.26360103626943}