{"branches": 89.2225201072386, "coverage": 97.2611593617451}