{"branches": 88.42794759825327, "coverage": 98.16114466024699}