{"branches": 87.19008264462809, "coverage": 97.02255639097744}