{"branches": 87.73712737127371, "coverage": 97.92594041970356}