{"branches": 88.35978835978835, "coverage": 97.32615752605501}