{"branches": 92.51497005988024, "coverage": 99.04839036242154}