{"branches": 88.11475409836066, "coverage": 97.11776008783968}