{"branches": 89.26940639269407, "coverage": 98.02547026521789}